{"stat.beaconInteraction":14,"stat.useItem.minecraft.quartz_block":23,"stat.pickup.minecraft.sign":1,"stat.useItem.minecraft.stone":6,"stat.useItem.minecraft.quartz_stairs":4,"stat.leaveGame":7,"stat.useItem.minecraft.beacon":3,"stat.useItem.minecraft.glowstone":68,"stat.jump":981,"stat.swimOneCm":2173,"stat.useItem.minecraft.sand":5,"stat.fallOneCm":8327,"stat.useItem.minecraft.planks":13,"stat.pickup.minecraft.enchanted_book":1,"stat.drop.minecraft.stone":1,"stat.crouchOneCm":270,"stat.useItem.minecraft.dirt":676,"stat.damageTaken":650,"stat.pickup.minecraft.feather":1,"stat.useItem.minecraft.stone_brick_stairs":2,"stat.flyOneCm":1765439,"stat.pickup.minecraft.wheat_seeds":10,"stat.useItem.minecraft.wool":69,"stat.timeSinceDeath":22211,"stat.useItem.minecraft.sign":22,"stat.useItem.minecraft.spawn_egg":35,"stat.useItem.minecraft.wooden_slab":1,"stat.useItem.minecraft.command_block":9,"stat.walkOneCm":455100,"stat.useItem.minecraft.torch":51,"stat.useItem.minecraft.log":8,"stat.useItem.minecraft.oak_stairs":7,"stat.useItem.minecraft.cobblestone":43,"stat.useItem.minecraft.yellow_flower":3,"stat.useItem.minecraft.spruce_stairs":16,"stat.pickup.minecraft.stone":4,"stat.pickup.minecraft.sapling":1,"stat.sprintOneCm":195618,"stat.pickup.minecraft.paper":1,"stat.useItem.minecraft.diamond_block":134,"stat.pickup.minecraft.gold_ingot":1,"stat.useItem.minecraft.stone_slab":15,"stat.useItem.minecraft.barrier":23,"stat.useItem.minecraft.structure_block":13,"stat.useItem.minecraft.wooden_pressure_plate":1,"stat.useItem.minecraft.wooden_door":1,"stat.deaths":10,"stat.drop":1,"stat.pickup.minecraft.diamond":133,"stat.playOneMinute":293565,"stat.pickup.minecraft.torch":24,"stat.pickup.minecraft.red_flower":1,"stat.sneakTime":973,"stat.pickup.minecraft.snowball":1,"stat.pickup.minecraft.yellow_flower":1,"stat.diveOneCm":4318}