{"stat.drop.minecraft.observer":1,"stat.pickup.minecraft.lingering_potion":2,"stat.useItem.minecraft.quartz_block":57,"stat.drop.minecraft.hopper":1,"stat.drop.minecraft.detector_rail":1,"stat.pickup.minecraft.spruce_fence_gate":1,"stat.leaveGame":1,"stat.drop.minecraft.stone_shovel":1,"stat.drop.minecraft.gunpowder":1,"stat.drop.minecraft.spruce_boat":1,"stat.useItem.minecraft.glowstone":1,"stat.useItem.minecraft.stained_glass_pane":4,"stat.drop.minecraft.enchanted_book":13,"stat.jump":185,"stat.swimOneCm":20,"stat.useItem.minecraft.planks":8,"stat.pickup.minecraft.enchanted_book":7,"stat.drop.minecraft.stone":12,"stat.drop.minecraft.sticky_piston":2,"stat.drop.minecraft.dye":5,"stat.drop.minecraft.feather":1,"stat.pickup.minecraft.gunpowder":1,"stat.crouchOneCm":5718,"stat.pickup.minecraft.spider_eye":1,"stat.drop.minecraft.book":1,"stat.pickup.minecraft.sticky_piston":2,"stat.drop.minecraft.mushroom_stew":1,"stat.drop.minecraft.slime_ball":1,"stat.drop.minecraft.poisonous_potato":1,"stat.drop.minecraft.milk_bucket":1,"stat.pickup.minecraft.stone_shovel":1,"stat.pickup.minecraft.cooked_rabbit":1,"stat.pickup.minecraft.mushroom_stew":1,"stat.damageTaken":30,"stat.pickup.minecraft.name_tag":2,"stat.drop.minecraft.cooked_rabbit":1,"stat.pickup.minecraft.observer":1,"stat.drop.minecraft.stone_button":1,"stat.drop.minecraft.splash_potion":1,"stat.pickup.minecraft.dye":2,"stat.pickup.minecraft.reeds":1,"stat.flyOneCm":57056,"stat.pickup.minecraft.potato":1,"stat.pickup.minecraft.fish":1,"stat.pickup.minecraft.oak_stairs":1,"stat.drop.minecraft.wheat_seeds":2,"stat.drop.minecraft.chainmail_chestplate":1,"stat.drop.minecraft.clay_ball":2,"stat.drop.minecraft.gold_ingot":2,"stat.drop.minecraft.tnt":1,"stat.timeSinceDeath":10694,"stat.drop.minecraft.diamond":80,"stat.drop.minecraft.golden_sword":1,"stat.useItem.minecraft.sign":9,"stat.drop.minecraft.reeds":2,"stat.drop.minecraft.spider_eye":1,"stat.drop.minecraft.name_tag":2,"stat.pickup.minecraft.poisonous_potato":1,"stat.drop.minecraft.activator_rail":2,"stat.drop.minecraft.paper":1,"stat.walkOneCm":72313,"stat.pickup.minecraft.golden_apple":2,"stat.drop.minecraft.wheat":1,"stat.drop.minecraft.diamond_chestplate":1,"stat.useItem.minecraft.log":44,"stat.useItem.minecraft.oak_stairs":87,"stat.useItem.minecraft.cobblestone":60,"stat.drop.minecraft.lingering_potion":3,"stat.pickup.minecraft.redstone_lamp":1,"stat.drop.minecraft.dirt":12,"stat.pickup.minecraft.diamond_shovel":3,"stat.pickup.minecraft.wooden_button":1,"stat.drop.minecraft.red_flower":4,"stat.drop.minecraft.redstone_lamp":1,"stat.pickup.minecraft.tnt":1,"stat.useItem.minecraft.item_frame":4,"stat.useItem.minecraft.sea_lantern":5,"stat.drop.minecraft.wooden_button":1,"stat.pickup.minecraft.stone":7,"stat.pickup.minecraft.hopper":1,"stat.drop.minecraft.oak_stairs":1,"stat.drop.minecraft.potato":1,"stat.useItem.minecraft.stained_hardened_clay":61,"stat.useItem.minecraft.stained_glass":7,"stat.sprintOneCm":33329,"stat.useItem.minecraft.fence":4,"stat.drop.minecraft.potion":2,"stat.drop.minecraft.fish":1,"stat.pickup.minecraft.bread":1,"stat.drop.minecraft.snowball":2,"stat.drop.minecraft.lava_bucket":1,"stat.drop.minecraft.golden_apple":2,"stat.useItem.minecraft.wooden_pressure_plate":4,"stat.drop.minecraft.boat":1,"stat.useItem.minecraft.wooden_door":4,"stat.deaths":2,"stat.pickup.minecraft.diamond":32,"stat.drop":189,"stat.drop.minecraft.leather_leggings":1,"stat.drop.minecraft.spruce_fence_gate":1,"stat.playOneMinute":48245,"stat.pickup.minecraft.stone_button":1,"stat.useItem.minecraft.cake":1,"stat.drop.minecraft.string":2,"stat.pickup.minecraft.red_flower":4,"stat.sneakTime":2851,"stat.drop.minecraft.diamond_shovel":3,"stat.drop.minecraft.bread":1,"stat.drop.minecraft.yellow_flower":1,"stat.pickup.minecraft.yellow_flower":1,"stat.drop.minecraft.grass":2}