{"stat.beaconInteraction":3,"stat.useItem.minecraft.command_block":9,"stat.walkOneCm":389535,"stat.useItem.minecraft.torch":50,"stat.useItem.minecraft.quartz_block":7,"stat.pickup.minecraft.sign":1,"stat.useItem.minecraft.stone":6,"stat.useItem.minecraft.quartz_stairs":4,"stat.leaveGame":6,"stat.useItem.minecraft.oak_stairs":7,"stat.useItem.minecraft.cobblestone":35,"stat.useItem.minecraft.glowstone":45,"stat.jump":747,"stat.swimOneCm":879,"stat.fallOneCm":8327,"stat.useItem.minecraft.planks":13,"stat.drop.minecraft.stone":1,"stat.useItem.minecraft.yellow_flower":3,"stat.useItem.minecraft.spruce_stairs":16,"stat.crouchOneCm":119,"stat.pickup.minecraft.sapling":1,"stat.useItem.minecraft.dirt":675,"stat.sprintOneCm":172145,"stat.useItem.minecraft.stone_slab":15,"stat.useItem.minecraft.barrier":13,"stat.damageTaken":650,"stat.useItem.minecraft.structure_block":13,"stat.useItem.minecraft.stone_brick_stairs":2,"stat.useItem.minecraft.wooden_pressure_plate":1,"stat.useItem.minecraft.wooden_door":1,"stat.flyOneCm":1582998,"stat.deaths":9,"stat.drop":1,"stat.pickup.minecraft.diamond":1,"stat.pickup.minecraft.wheat_seeds":8,"stat.playOneMinute":256046,"stat.pickup.minecraft.torch":24,"stat.pickup.minecraft.red_flower":1,"stat.sneakTime":818,"stat.useItem.minecraft.wool":69,"stat.timeSinceDeath":22877,"stat.pickup.minecraft.yellow_flower":1,"stat.useItem.minecraft.sign":21,"stat.useItem.minecraft.wooden_slab":1,"stat.diveOneCm":3458}