{"stat.flyOneCm":34031,"stat.walkOneCm":95672,"stat.useItem.minecraft.stone_slab":99,"stat.useItem.minecraft.cobblestone_wall":12,"stat.jump":135,"stat.useItem.minecraft.quartz_block":129,"stat.playOneMinute":16336,"stat.fallOneCm":1506,"stat.pickup.minecraft.torch":1,"stat.useItem.minecraft.stone":3,"stat.useItem.minecraft.quartz_stairs":96,"stat.leaveGame":1,"stat.sneakTime":446,"stat.damageTaken":10,"stat.crouchOneCm":2651,"stat.timeSinceDeath":16336,"stat.useItem.minecraft.dirt":3,"stat.sprintOneCm":33785,"stat.useItem.minecraft.glowstone":58}