{"stat.useItem.minecraft.wooden_door":4,"stat.flyOneCm":52947,"stat.deaths":1,"stat.walkOneCm":51409,"stat.jump":147,"stat.useItem.minecraft.quartz_block":57,"stat.swimOneCm":20,"stat.playOneMinute":31251,"stat.useItem.minecraft.planks":7,"stat.useItem.minecraft.sea_lantern":5,"stat.sneakTime":2851,"stat.useItem.minecraft.log":33,"stat.damageTaken":30,"stat.useItem.minecraft.oak_stairs":79,"stat.useItem.minecraft.cobblestone":59,"stat.crouchOneCm":5718,"stat.timeSinceDeath":22097,"stat.useItem.minecraft.stained_hardened_clay":61,"stat.sprintOneCm":27618,"stat.useItem.minecraft.stained_glass":7,"stat.useItem.minecraft.glowstone":1,"stat.useItem.minecraft.stained_glass_pane":4}