{"stat.beaconInteraction":3,"stat.useItem.minecraft.command_block":8,"stat.walkOneCm":340426,"stat.useItem.minecraft.torch":50,"stat.useItem.minecraft.quartz_block":7,"stat.pickup.minecraft.sign":1,"stat.useItem.minecraft.stone":6,"stat.useItem.minecraft.quartz_stairs":4,"stat.leaveGame":5,"stat.useItem.minecraft.glowstone":45,"stat.jump":637,"stat.swimOneCm":801,"stat.fallOneCm":5476,"stat.useItem.minecraft.planks":6,"stat.drop.minecraft.stone":1,"stat.useItem.minecraft.yellow_flower":3,"stat.useItem.minecraft.spruce_stairs":16,"stat.crouchOneCm":3,"stat.pickup.minecraft.sapling":1,"stat.useItem.minecraft.dirt":675,"stat.sprintOneCm":145853,"stat.useItem.minecraft.stone_slab":15,"stat.damageTaken":390,"stat.useItem.minecraft.structure_block":13,"stat.flyOneCm":1218271,"stat.deaths":7,"stat.drop":1,"stat.pickup.minecraft.diamond":1,"stat.pickup.minecraft.wheat_seeds":8,"stat.playOneMinute":211674,"stat.pickup.minecraft.torch":24,"stat.pickup.minecraft.red_flower":1,"stat.sneakTime":322,"stat.useItem.minecraft.wool":69,"stat.timeSinceDeath":10058,"stat.pickup.minecraft.yellow_flower":1,"stat.useItem.minecraft.sign":17,"stat.useItem.minecraft.wooden_slab":1,"stat.diveOneCm":3458}