{"stat.beaconInteraction":1,"stat.useItem.minecraft.stone":1,"stat.leaveGame":18,"stat.useItem.minecraft.beacon":4,"stat.drop.minecraft.beacon":1,"stat.useItem.minecraft.glowstone":3,"stat.jump":2436,"stat.fallOneCm":9263,"stat.useItem.minecraft.planks":3787,"stat.damageTaken":250,"stat.pickup.minecraft.planks":3,"stat.flyOneCm":1876862,"stat.pickup.minecraft.wheat_seeds":26,"stat.drop.minecraft.wheat_seeds":9,"stat.useItem.minecraft.wool":360,"stat.timeSinceDeath":21386,"stat.useItem.minecraft.sign":3,"stat.pickup.minecraft.stained_hardened_clay":1,"stat.useItem.minecraft.wooden_slab":12,"stat.pickup.minecraft.double_plant":2,"stat.walkOneCm":498116,"stat.drop.minecraft.wool":1,"stat.drop.minecraft.stone_slab":1,"stat.drop.minecraft.iron_block":1,"stat.drop.minecraft.stained_hardened_clay":1,"stat.drop.minecraft.planks":3,"stat.useItem.minecraft.spruce_stairs":73,"stat.useItem.minecraft.stained_hardened_clay":271,"stat.pickup.minecraft.sapling":2,"stat.sprintOneCm":325725,"stat.useItem.minecraft.stained_glass":10,"stat.useItem.minecraft.fence":15,"stat.useItem.minecraft.stone_slab":75,"stat.useItem.minecraft.iron_block":5,"stat.deaths":2,"stat.drop":16,"stat.drop.minecraft.spruce_stairs":1,"stat.playOneMinute":430495,"stat.pickup.minecraft.torch":1,"stat.pickup.minecraft.red_flower":13,"stat.pickup.minecraft.wool":1,"stat.pickup.minecraft.iron_block":1,"stat.pickup.minecraft.beacon":1,"stat.drop.minecraft.yellow_flower":6,"stat.pickup.minecraft.stone_slab":1,"stat.pickup.minecraft.yellow_flower":6}